———————————————————————————————武器————————————————————————————,,,,,,,,,,,,,,,,,,
莲花教团,“神经突触”短剑,T2,近战,知识,d6+3 物理,单手,解析: 成功命中可选不掷伤害骰，而向主持人提出一个关于目标战斗能力的问题（它的弱点是什么？它的难度是多少？），并使其陷入【脆弱】。,剑柄连接着数根微光的炼金导管。它能精准地刺入目标的神经节点，读取其战斗信息。,,,,,,,,,,
酒与歌游击队,“随便什么”伐木斧, T3,近战,力量,d10+6 物理,双手,临时改造: 每场战斗一次，将任何一件临时找到的物品绑在这把斧头上。与主持人商议，使你的下一次攻击获得一个一次性效果（施加【点燃】、【眩晕】等）。,游击队员们擅长就地取材，将一切能用的东西都绑在上面，让每一次挥舞都充满惊喜。,,,,,,,,,,
方舟国,指挥官制式长牙剑,T2,近战,风度,d8+4 物理,单手,领袖:每场战斗1次，一次成功的攻击后，立即对近距离范围内的一名盟友下达一个指令。该盟友可以立即执行一次动作掷骰，并且掷骰结果+2。恐惧时，被指令者的记忆会倒灌至你的脑中，额外标记1压力。,只有在方舟国军队中获得卓越功勋的军官，才有资格佩戴的仪式性长剑。其剑柄上镶嵌的月光虎牙碎片，能将持有者的意志传达给部下。,,,,,,,,,,
烬台城法师,火山玻璃仪式匕首,T3,近战,知识,d8+3 魔法,单手,火祭：当你施法时，你可以标记 1 生命点（此伤害无法被减免）。当你这样做时，你的该次施法掷骰获得 +3 加值。,烬台城的法师们相信，最强大的魔法源于最极致的情感与牺牲。这柄由荒原鸟琉璃羽毛磨制而成的匕首，便是这种理念的体现。每一次割开手掌，都是一次与原始魔力更深层的连接。,,,,,,,,,,
四圣寺, “静雨”数珠,T3,远距离,知识,d6 +6 魔法,单手,因果计算: 此武器成功攻击一个敌人，可以获知其一个确切的数字，但不知其含义（剩余生命点、伤害阈值、难度）。,由天龙寺的数学家僧侣们用静雨湖底的玉石串成的念珠，既是冥想的工具，也是计算世间因果的法器。,,,,,,,,,,
烬台城法师,咒火塑能法杖,T3,极远,风度,d6+6 魔法,双手,"高危火焰：每场战斗1次，在攻击前宣布“过载”，你额外造成 2d20伤害。
然后投掷一颗 d6。1-3：你受到等量额外伤害。4-5：距离你最近的一名盟友受到等量额外伤害。6：另一名敌人受到等量额外伤害。",“真正的塑能大师从不控制火焰，他们只是为火焰指出一个大致的方向，然后欣赏随之而来的……壮丽毁灭。”,,,,,,,,,,
四圣寺,“止水”剑,T3,近战,本能, d8+6 物理,单手,心如止水：当你的已标记压力点为0时，你的攻击掷骰获得 +3 加值。攻击掷骰未命中时恢复1压力。,"“心起波澜，剑起涟漪；心若止水，剑亦无形。”
——械灵僧侣 镜空",,,,,,,,,,
莲花教团,“静莲”注灵剑,T3,近战,风度,d10+3 魔法,单手,法术之种：每休息一次。你可以通过施法将一个伤害性法术储存在此剑中，在一次攻击命中后释放。,莲花本人使用过的魔法长剑的复制品。“法术的美妙，不在毁灭性的力量，而在时机的掌控。”——莲花,,,,,,,,,,
酒与歌游击队,合动力回旋镖,T3,远距离,灵巧,d6 物理,单手,传递：使用时可选择在队友间传递，接力的队友需进行一次灵巧反应掷骰10。每成功一次则提升伤害骰等级（d8/d10/d12/d20）,游击队员，动力回旋。星星之火，可以燎原。,,,,,,,,,,
磐石残党,方舟龟甲塔盾-Ⅰ,T2,近战,力量,d6+2 物理,副手,生根:花费1希望点，你可以将塔盾插入地面。直到你再次移动前，你及身后近距离内的盟友获得-4伤害。,一面绘有初代国王徽记的巨大矩形盾牌，虽然漆面剥落，但盾体由森巨龟蟒褪下的甲壳混合黑铁铸造，坚不可摧。,,,,,,,,,,
莲花教团,折光十二面法杖,T3,远距离,知识,d6+6 魔法,双手,折光: 成功对敌人造成伤害时，若伤害为偶数，你获得1希望点；若为奇数，敌人陷入【脆弱】。恐惧结果时，过量的数据冲入脑海，你标记1压力点。,顶端悬浮着一颗正在高速旋转的十二面体水晶，不断地浮动着数字。,,,,,,,,,,
四圣寺,四时流转念珠,T3,邻近,力量,d4+10 物理,双手,四象共鸣: 攻击命中时，如果伤害骰d4出现相同数字：1=土(临时护甲+1)，2=火(点燃)，3=水(束缚)，4=风(推开),一串巨大的念珠，每一颗都雕刻着不同的圣兽图腾，甩动时如同流星锤般威力巨大。,,,,,,,,,,
酒与歌游击队,“惊喜”鲁特琴,T3,远距离,风度,d6+3 魔法,双手,藏剑: 每休息1次，标记1压力点，立即使用你的备用武器进行攻击。此次攻击具有优势，且标记目标1d4压力点。,一把走调的破旧鲁特琴，琴颈拔出是一把小匕首，琴身可以藏很多武器，曾用来刺杀国王莱伦，但失败了。,,,,,,,,,,
酒与歌游击队,燃烧瓶发射器,T2,近距离,灵巧,d8 魔法,双手,全弹发射：发射全部弹药，造成4d12邻近范围伤害，无论敌友，武器损坏。,用废弃的排气管改造的发射器，上面歪歪扭扭地写着：“送给方舟国的热吻”。,,,,,,,,,,
酒与歌游击队,命运左轮,T3,远距离,敏捷,d6+6 物理,单手,轮盘赌: 攻击前猜大小（d6）。猜对：伤害翻倍。猜错：武器卡壳，无法攻击，标1压力点重装填。,一把用荒原鸟重生火山石驱动的改装左轮，在这个疯狂的世界里，运气也是实力的一部分。,,,,,,,,,,
方舟国,灵体振荡刀,T3,近战,灵巧,d8+9 物理,单手,标记1压力启动-灵体斩: 攻击命中后，不标记生命点，而是标记（生命点+1）压力点。恐惧结果：使用者标记1压力，描述一个被暂时抽离的记忆。,这把刀没有实体的刀刃，只有一个嗡嗡作响的银色的发生器，开启后会投射出一道不稳定的、灰白色的“月光”利刃。,,,,,,,,,,
磐石残党,“理性之光”提灯步枪,T3,远距离,知识,d6+4 魔法,双手,驱散异变：对经受太一大陆异变（主持人判定）的攻击对象额外+6伤害。, 一把将单发步枪和黄铜提灯结合在一起的奇异武器。“我们用光照亮失落的信仰，也用光消灭物质的敌人。”,,,,,,,,,,
酒与歌游击队,影牙弹簧刀,T3,近战,敏捷, d6+2 物理,副手,偷袭：刀本体【隐形】，主手武器攻击成功时，可以标记1压力施加【流血】：受到攻击额外受到1d8伤害。,月光虎的脱落的虎牙碎片制成。“它并不光彩，也不神圣，但它能切开喉咙。这就够了。”,,,,,,,,,,
磐石残党,龙甲大剑,T3,近战,力量,d10+7 物理,双手,（力量+4可持有）+1护甲值。处决: 如果你的目标处于【眩晕】或【束缚】状态，伤害骰变为d20。,直接用天空龙的巨大甲片打磨而成，沉重得只有穿着动力甲或天生神力者才能挥动。剑身上刻着“不可遗忘”。,,,,,,,,,,
四圣寺,“焚心”琵琶,T2,远距离,风度,d6+3  魔法,双手,心火: 对标记超过2点压力的目标额外造成2d6点伤害。,琴弦由荒原鸟的羽线制成，弹奏时心烦意乱的敌人会燃起焚烧内心的火。,,,,,,,,,,
四圣寺,“无相”手套,T3,近战,本能,d10+6 物理,双手,水无常形: 标记1压力，可以变为“鞭”：邻近，-2伤害骰。或“盾”：受伤-3，-4伤害骰。（可与主持人商议变为其它形态）,一团依附在手上的银色液态金属，随着使用者的心意瞬间固化或流动。,,,,,,,,,,
方舟国,“龙之眼”长弓,T3,极远,本能,d6+6物理,双手,引导：选定目标进行一次施法掷骰（17），若成功接下来3次攻击必定命中。,将天空龙俯瞰世间的一只眼睛（微型监视器）安装在长弓握把处，当它的眼睛锁定一个敌人后，所有经由它射出的箭矢都将嵌入那个敌人的头颅。,,,,,,,,,,
—————————————————————————————魔法物品/消耗品——————————————————————————,,,,,,,,,,,,,,,,,,
四圣寺,“神圣链接”祷告毯,T1,每休息1次，铺在地上朝所想的圣兽的方向祈求祂的祝福。北：恢复1点生命点。南：下一次施法掷骰获得优势。西：清除1点压力。东：获得1点临时护甲。,,,,,,,,,,,,,,,
酒与歌游击队,醉仙酒壶,T3,每休息1次，当其中装满酒时，一口饮尽其中的酒，下1次近战攻击掷骰结果-3，伤害骰熟练值+2。,,,,,,,,,,,,,,,
酒与歌游击队,“流浪者”炊具,T2,"在进行一次休整期间时，你可以将一些食材放入锅中烹饪。所有享用食物的盟友，除了正常的休息恢复外，还可以额外清除 1 压力点或获得 1 希望点。
",,,,用荒原鸟重生留下的黑曜石打造而成的锅具。“只要锅还在，希望就在。”——某位游击队伙夫长。,,,,,,,,,,,
磐石残党,初代国王的纪念徽章 ,T3,每长休一次，你可以高举这枚徽章，并复述初代国王沃肯演讲中的一句名言（由玩家扮演）。所有能听到你声音的盟友，都可以立即清除 2 点压力。并且你在下次风度掷骰中获得优势,,,,“不要向神明祈祷风暴的止息，要学会驾驶足以穿越风暴的方舟。”——初代国王沃肯。,,,,,,,,,,,
烬台城法师,“荒原鸟”余烬石,T3,释放【火焰】法术时，你可重投所有伤害骰中的“1”。此外，你可选择标记2点压力以“燃尽”余烬，使该法术伤害骰取最大值，此后余烬石能力失效，直到完成1次长休。,,,,“要么在沉默中熄灭，要么，就爆发出足以焚尽苍穹的光芒。”——蕾娜·烬瞳。,,,,,,,,,,,
四圣寺,共生之心护符,T2,佩戴时，你可以选择一种在你周围环境中最常见的植物或小型生物。你获得一项与该生物/植物相关的、微小但有用的感官能力（例如：在森林中能通过树根感知震动，在沼泽中能像青蛙一样在水下呼吸）。,,,,由龟山寺的生物学家僧侣用多种共生生物的核心培育而成，象征着万物相连。,,,,,,,,,,,
酒与歌游击队,龟甲磨刀石,T2,坚韧磨刃:在一次短休或长休期间，你可以用这块磨刀石打磨你的刀刃类武器。在下一次休息之前，你的这把武器在造成伤害时，可以额外多造成 1d8 点伤害。,,,,游击队员们捡到了一种龟甲状的岩石，他们用来磨刀，怎么磨都不会变小，能让刀刃变得异常坚韧，足以劈开最厚的甲壳。,,,,,,,,,,,
磐石残党,“月光”安魂香,T1,在一次休息期间点燃并消耗。所有闻到的队友可以回想起一段美好的回忆，清除1d4压力。,,,, 磐石残党的学者们从月光虎守护的土地上，采集沾染了其气息的花粉制成。他们相信，这能安抚那些在战斗中备受折磨的士兵灵魂。,,,,,,,,,,,
酒与歌游击队,《太一大陆风土志》,,这两本《太一大陆风土志》看似寻常，实则由同一魔法古树的树芯所制，在概念上本为一体。在任何一本书页上的书写与标记，都会瞬间在另一本上同步显现。,,,,"此二册书原主为铁心城水利局局长迪斯（酒与歌卧底，代号“高山”）与书店老板伊芙（酒与歌情报员，代号“流水”）。二人以书页批注编码传递情报。后迪斯被捕，书籍流出，辗转现身于旧书摊。其上看似平常的风土笔记，唯有知情者能读懂那些冰冷坐标背后，两个灵魂在至暗时刻最后一次无声的对话：

“危速离，勿念。”
“已安，盼君归。”",,,,,,,,,,,
四圣寺,月相胸针,,佩戴这枚别针会释放微弱魔法，让周围的人下意识认为你“属于这里”，从而疏于观察与质疑。效果持续期间，使用者每执行一个掷骰动作，都需标记1点压力。一旦引起他人注意则失效。,,,,上面嵌入了一块数万年前自然形成的树脂，内含一根月光虎的毛发。方舟国的高层晚宴、酒与歌游击队的秘密集结、磐石残党的地下会面——当后人回望太一大陆那些决定命运的场合，翻阅泛黄的魔法影像时，总能在画面的边缘瞥见一两个静默的僧袍身影。他们如同历史的暗线，贯穿于时代的喧嚣之中，却从未引起当时人们的注意。四圣寺的僧人，就这样无声穿行于各大势力的漩涡中心，只为执笔记录史诗，并在动荡中维系大陆那微妙的平衡。,,,,,,,,,,,
莲花教团,月光注射剂,T3,灵魂出窍：注射药剂，使灵魂暂时脱离身体，此时可以穿过一切物理屏障，但不能和物质世界交互。可以进入别人的梦境，对方植入一段记忆。当掷骰出2个恐惧结果时，强制回到肉体，标记1d4压力。,,,,莲花教团的疯狂科学家用月光虎的血液样本无意中得到的神奇试剂,,,,,,,,,,,
莲花教团,知识之网链接器,T3,标记1点压力，针刺入大脑皮层，可以链接莲花教团的知识网络。在查阅资料、解读信息的掷骰【知识】+2。,,,,一个镜腿镶嵌着金边的眼镜，镜框显得毛茸茸的。莲花教团使用月光虎绒毛制造的研究辅助工具。失去了莲花教团的供能网络，他只能通过夜间月光的照射恢复能量,,,,,,,,,,,
方舟国,Ⅰ型口粮仓,T2,每次长休一次，可以花费一点希望点将怪物尸体投入其中，变成可食用的1d4个食物，恢复1点生命值。,,,,这里面的东西可能不好吃，但一定很救命,,,,,,,,,,,
方舟国,共鸣耳机,T3,远距离内，佩戴者与佩戴同样耳机的盟友可以进行无声交流。每长休1次，你可以花费1希望点，让一名盟友的下一次“知识”或“本能”掷骰获得优势,,,,模仿天空龙共享意识网络的尝试，虽然只能传递声音，但在战场上已足够致命。,,,,,,,,,,,
磐石残党,破碎的王旗,T3,每场战斗1次，你可以挥舞旗帜，大声呼喊旧日口号，让一名盟友攻击掷骰获得优势。,,,,虽然只剩下焦黑的半截，但它代表了那个“凡人当自强”的黄金时代。,,,,,,,,,,,
莲花教团,多功能炼金注射器 ,T2,作为动作，你可以对任意目标使用：1. 肾上腺素（下一次掷骰+2）；2. 镇静剂（清除压力，但【束缚】）；3. 强酸。,,,,莲花教团研究员的标准配置，既能救人，也能杀人，还能开门。,,,,,,,,,,,
四圣寺,写意墨水,T2,消耗品：使用墨水画下图画。如果你画的是桥，它就会变成一座临时的竹桥；画的是鸟，它会变成一只侦查用的墨水鸟。,,,,蕴含天空龙的创造之力的墨水，只有内心澄澈之人才能画出实体。,,,,,,,,,,,
酒与歌游击队,千杯不醉酒壶,T2,里面的酒永远喝不完，但这酒没有任何魔法增益，唯一的用途是——真的很好喝。,,,,游击队员最珍贵的宝物，无论何时何地，只有酒和自由不可辜负。,,,,,,,,,,,
酒与歌游击队,解放者斗篷,T2, 这件斗篷由无数不同颜色的布条拼凑而成。在城市或废墟环境中，你的潜行掷骰获得+3,,,,“这不仅是伪装，也是我们的旗帜。每一块布条都来自一个被我们解放的地方。”,,,,,,,,,,,
磐石残党,人民之声号角,T2,意志集结：标记1压力点，吹响号角，在接下来执行一次团体掷骰时（如群体潜行、协作攀爬），获得+2加值。,,,,一个看似普通的铜制号角，但上面铭刻的不是符文，而是无数微小的、不同笔迹、不同文字的签名。方舟建国时，每一位公民都被邀请在此号角的原型上刻下自己的名字或标记，象征着“国家由每一个具体的人构成”。,,,,,,,,,,,
酒与歌游击队,月光命运骰子,T3, 逆转厄运： 每长休一次，当你掷出恐惧失败时，你可以重掷。如果重掷后成功，你要大喊一句“这是魔术！”；如果依然失败，GM获得1d6恐惧点。,,,,一套月白色的骰子，游击队员坚信这玩意儿被月光虎祝福过。,,,,,,,,,,,
四圣寺,棋枰弃子,T3,消耗品：一颗黑色一颗白色的围棋棋子，白色可以恢复1d4点压力，黑色可防止一次伤害,,,,弃子弃子，弃之可逆转生死阴阳。天下之所得，始于一弃字。,,,,,,,,,,,
烬台城法师,火灵之心,T2,一只火焰之灵，和玩家共用闪避和伤害阈值。该灵体拥有2点生命并能造成1d4的伤害，可以与玩家同时发动攻击。在该灵体死亡后可以在长休时选择一个修整行动将其复活，复活后增加1d4伤害（最高为玩家施法属性d4）,,,,一只可以不断重生的火灵，每次重生都会让他变得更强大，在《烬台城法师学徒采购指南》中被誉为“火焰法师最好的伙伴——战斗占据大脑者的首选”,,,,,,,,,,,
烬台城法师,火轮1500,T2,一对可以安装在鞋两侧得轮子，每休息1次，远距离移动无需掷骰,,,,想在下一瞬间就把手里的余烬之握拍在对面脸上吗？火轮1500.你值得拥有,,,,,,,,,,,
酒与歌游击队,便携式吟游诗人,T2,将手中的吟游诗人玩偶拧紧发条，它就可以一路边唱歌边走向指定地点，远距离内所有生物被吸引注意力，玩家潜行掷骰获得优势,,,,跟一位吟游诗人一样有用不是吗？,,,,,,,,,,,
方舟国,方舟军校优秀毕业生勋章,T2,佩戴后在亲方舟国势力交涉中具有优势。每休息1次，主动使用，按动勋章内部的按钮勋章会在短暂延迟后释放强光，对周围敌人造成【盲目】,,,,方舟军校优秀毕业生的标志，除了在方舟国军队中可以收获信任，它同时还是一个简易的防身工具。,,,,,,,,,,,
—————————————————————————————护甲——————————————————————————,,,,,,,,,,,,,,,,,,
方舟国,“稳定”火力平台重甲,T3,火力全开：当你穿着此护甲并保持静止时，你的所有远距离攻击掷骰获得 +3 加值，但你的闪避值 -2。,,12  28,,为方舟国远程火力手设计的制式重甲。展开的液压支架能提供无与伦比的射击稳定性，代价是彻底牺牲机动性。,,,,,,,,,,,
方舟国,青鳞铠甲,T3,力场阻碍：当你穿着此铠甲时，带有恶意接近你的人会受到力场电击。但长时间穿着此铠甲会让人思想趋于守序，行动变得机械化,,11/27,,核心由天空龙鳞的一小块制作而成，当你穿着此铠甲时，身体的周遭会出现微弱的透明能量场。,,,,,,,,,,,
磐石残党,同袍之铠,T3,同袍之御：当敌方朝近距离范围内盟友发起攻击时，你可以花费1希望点，为盟友提供+2临时闪避值。,,11/28.,,打造它不是为了个人的荣耀，而是为了将每一个战士的命运紧密相连，诠释着“我为人人”的建国初心。,,,,,,,,,,,